,fecha,medio,titulo,terminos,texto,link
0,2023-06-29,Clarin,"Elecciones 2023, EN VIVO: la parodia de Rodolfo Tailhade a la curiosa arenga de Patricia Bullrich a Carolina Losada",Losada,"Dos nuevas encuestas anticipan un resultado cerrado para las elecciones de este domingo en una provincia en la que el peronismo solía moverse cómodo. ¿Puede haber batacazo en San Juan, como hubo semanas atrás en Chaco? Los sondeos aseguran que sí, aunque panorama es incierto. Entre otras cosas, porque rige la polémica ley de lemas, que permite votar por distintos candidatos de cada espacio: el más votado de la fuerza más votada resulta ganador. Como si se hicieran las primarias y las generales a la vez.",https://www.clarin.com/politica/elecciones-2023-vivo-parodia-rodolfo-tailhade-curiosa-arenga-patricia-bullrich-carolina-losada_0_FhBuf2SwPa.html
1,None,Villa Ocampo SF,"Martin Deltin: “siempre les contamos lo que hicimos, no prometemos cosas que no vamos a hacer"".",Perotti,"El precandidato concejal del espacio Elijo Por que está dentro del frente juntos avancemos compartió una entrevista con el periodista Guillermo Spannenberger, allí dio detalles sobre las gestiones y obras que se han conseguido por parte del espacio que él lidera para la ciudad de Las Toscas, Y manifestó entre otras cosas que tienen mucha cautela a la hora de prometer cosas que muchas veces pueden salir o no es por eso que manifestaba Martín Deltín que no prometen cosas que no se pueden hacer.

Una de las gestiones que el funcionario provincial llevó adelante es el convenio con el club de abuelos y en ese sentido Martin Deltin dijo: “Ese fue un convenio de 4 millones de pesos, que nosotros lo habíamos anunciado en una cena en el Club Social donde los abuelos nos invitaron, nosotros desarrollamos una relación con ellos y se avanzó en la firma del convenio, y esto ahora les brindan la posibilidad de hacer actividades en ese lugar, es una institución que se abre a las actividades artísticas, culturales, últimamente vi alguna política, y a partir de ese vínculo que tuvimos, profundizamos el conocimiento sobre una problemática que tenía la institución, que era justamente el sonido al momento de poder realizar algún evento, entonces hablábamos con ellos para lograr esa obra. Y a partir de ahí, empezamos a trabajar y cuando encontramos la posibilidad de planteárselo al gobernador Omar Perotti como una alternativa para fortalecer esta institución avanzamos en la parte de proyectos con el arquitecto Pipi Iglesias, que fue el que hizo todo el relevamiento profesional y se logro conseguir los recursos para la obra”.

Y agregó: “Como siempre digo, nosotros hacemos muchas gestiones y muchos trabajos, venimos siendo muy cauto, la gente está muy incrédula entonces trabajamos primero en la gestión y cuando sabemos que se va a dar por ahí lo comentamos, y a veces se da y hay veces que no llega, es por eso que contamos las cosas cuando sabemos que se van a concretar”",https://www.villaocamposf.com.ar/inicio/noticia/23770/Martin-Deltin-siempre-les-contamos-lo-que-hicimos-no-prometemos-cosas-que.html
2,None,Villa Ocampo SF,"Oscar Martínez:“Muchos de los candidatos hablan de seguridad pero no han hecho mucho en estos años"".",Perotti,"El actual diputado provincial del Frente Renovador, y pre candidato a renovar su lugar en la Legislatura enumeró sus proyectos que hoy ya son ley en la provincia. Habló de su relación con el gobernador y aseguró que “nos avala el gran trabajo que hicimos en la Legislatura en este período”. También se refirió a la candidatura presidencial de su jefe político, Sergio Massa.

El fin de semana la noticia más importante que estuvo en todos los medios de comunicación fue la designación de Sergio Massa como candidato presidencial de unidad en el Frente Unión Por la Patria. En nuestra provincia, Oscar “Cachi” Martínez representa al actual Ministro de Economía encabezando una lista de pre candidatos a diputados para renovar la banca que hace cuatro años ocupó en la cámara Baja y donde preside el bloque del Frente Renovador, dentro del interbloque del justicialismo.

En diálogo con la prensa y ante la consulta sobre la reciente designación de Massa, el legislador manifestó que “con Sergio me une una relación de amistad de más de 10 años, estuve con él desde el inicio del Frente Renovador en 2013, fui el primer Diputado Nacional en unirse a su bloque y nuestro partido provincial 100% Santafesino fue el primero también del interior del país en conformar el frente. Por eso tuve el honor de abrir el Congreso Naacional del Frente Renovador la semana pasada en Malvinas Argentinas. Allí expresé mi convencimiento de que el Frente podía ofrecerle al justicialismo nacional, no un plomero para el Titanic, sino el Capitán de un barco para mantener a la Argentina a flote y llevarla a aguas más calmas. Claro que es difícil, claro que esta costando, después del abismo en el que nos dejó la gestión de Macri, pero no es imposible. Y créanme que si hay un hombre que puede lograrlo es Sergio Massa. Estoy convencido de que la gente lo va a acompañar y que será quien dirija los destinos de la Argentina en la próxima gestión. Como dijo Cristina Kircher Sergio agarró “una papa caliente” cuando se puso al hombro el Ministerio de Economía, y a pesar de que los números de la inflación no son los que todos deseamos, no podemos dejar de ver más allá. Massa está trabajando desde el día uno en tratar de acomodar ese barco, y sí, las cosas no están fáciles ahora, pero dejando atrás las enormes dificultades que tuvimos primero por la pandemia, luego por la histórica sequía y por la guerra, con su enorme capacidad de trabajo, su inteligencia para enfrentar situaciones difíciles y su gran capacidad de diálogo con todos los sectores, seguramente el año que viene vamos a estar viendo los frutos de lo que está sembrando desde el día que asumió.”

En cuanto al panorama provincial de cara a las elecciones primarias del 16 de julio, “Cachi” Martínez manifestó que “ Podemos Más es la expresión que nos pareció más coherente con nuestra visión de la realidad. En estos cuatro años desde la Cámara de Diputados de Santa Fe logramos leyes muy importantes para los santafesinos, pero también nos quedaron pendientes otras, y estamos seguros de que si la gente nos acompaña las vamos a lograr en este nuevo período, porque podemos seguir haciendo, podemos más. Hace cuatro años se prometió La Paz y el orden que los santafesinos y santafesinas necesitábamos, yo puedo decirles que desde mi banca trabajé mucho para cumplir esta promesa. Y puedo mostrar cada una mis iniciativas que se han logrado, aún y a pesar de que el gobernador no nos haya respaldado. Sin temor a equivocarme creo que soy el legislador que más leyes contra la inseguridad consiguió. Y lo hice con trabajo, diálogo y búsqueda de consensos permanentes, algo que desde el Ejecutivo nunca se incentivó”.

En ese sentido enumeró, “Conseguimos la Ley de Víctimas de Delitos y sus familiares, sin dudas la más importante de todas las sancionadas en este período legislativo, para una provincia en la que, hasta su sanción, parecía que tenían más derechos los delincuentes que las víctimas, que son atravesadas por el delito por la incapacidad del Estado de protegerlas. Logramos también la Ley de Prisión Preventiva para quien usa o porta armas de fuego en la comision de un delito, una ley fundamental para Santa Fe donde el 85 por ciento de los homicidios se cometen con armas de fuego, donde en la ciudad de Rosario hubo mil seiscientas balaceras el año pasado. Balaceras que tienen como objetivos intimidar a víctimas, a testigos , a los barrios, para lograr impunidad.

Conseguimos que se sancione la Ley de Robo de Cables que obliga a todo aquel que venda ese tipo de materiales a estar registrado y a tener justamente un registro de cada compra y cada venta, con todos los datos tanto de quien les vende como de quien les compra. El robo de cables es un flagelo en crecimiento. Esta ley que tanto nos costó sancionar, está inutilizada porque el gobernador aún no la reglamentó. Tenemos que terminar con esas mafias en las que se han convertido algunas chacaritas y desarmaderos , que no solo afectan a las empresas sino al Estado, a las escuelas, centros de salud, clubes, organismos estatales y a los propios vecinos que padecen la inseguridad que genera estar sin luz y a todos el inconveniente de la falta de conectividad”.

“ Hicimos mucho, pero como dije antes, aún nos falta. Nos falta que se apruebe en el Senado la Ley de Prisión Preventiva para quien viole una perimetral, por ejemplo. Santa Fe tiene el doble de femicidios del promedio nacional, y los botones de pánico son una ficción. Seguimos contando víctimas, porque en esta provincia la restricción perimetral es una ficción. Para esta ley trabajamos mucho con víctimas de violencia familiar y de género. Una de ellas, Fernanda Fernandez de Santa Fe, que ya lleva ocho denuncias por violación de la perimetral que tiene su agresor, inició una campaña en Change.org que ya acumula más de 26 mil firmas, solo a modo de ejemplo. También queremos que se apruebe nuestro proyecto de ley de Deliverys Seguros, para que esos chicos y chicas que quieren tener un trabajo digo, que fueron esenciales en la pandemia, que se endeudan pare tener su propia moto o bicicleta, que pagan su monotributo, su seguro, su celular, puedan trabajar seguros, sin miedo a que les roben o a que los maten, como lamentablemente ya ha ocurrido. Y también tenemos pendiente la Ley de Ciberseguridad, para evitar que sigan ocurriendo en Santa Fe ciberdelitos y ciberestafas, así como la modificación del Cógido Procesal Penal Juvenil de la provincia, que no permite por ejemplo a la víctima ser querellante en una causa en la que el acusado sea menor de edad. Y presentamos muchas otras iniciativas que aún no han sido tratadas, es decir, nosotros podemos poner sobre la mesa todo lo que trabajamos estos cuatro años, para que las santafesinas y santafesinos nos evalúen, porque este proceso electoral es como un boletín de calificaciones, la ciudadanía nos tiene que evaluar por lo que hemos hecho hasta ahora y lo que ya tenemos presentado para seguir haciendo. Muchos de los candidatos de otras listas hablan mucho de seguridad, pero han hecho muy poco. Como dice Sergio Massa, menos eslóganes y más gestión”, enfatizó.

En cuanto a su relación con el gobernador, Oscar Martínez marcó que tiene “enormes diferencias en materia de la lucha contra la inseguridad. Yo creo que Omar Perotti ve la realidad desde su condición de Contador Público y lo único que pretende es que le cierren los números. El peronismo no es eso, el peronismo es mucho más que Perotti. Sí, la provincia tiene muchos millones en el Banco a plazo fijo, pero la gente sigue viviendo enrejada y los delincuentes libres. La ciudadanía necesita que nosotros le prestemos atención a otros aspectos, como éste de la seguridad, porque está en juego la vida de cada uno de nosotros. Tenemos que trabajar leyes más duras contra el delito, y como exprresé antes nosotros como representantes del Frente Renovador lo hemos hecho, y vamos a seguir insistiendo con contundencia porque estamos viviendo una realidad muy preocupante en las grandes ciudades.”",https://www.villaocamposf.com.ar/inicio/noticia/23769/Oscar-MartnezMuchos-de-los-candidatos-hablan-de-seguridad-pero-no-han-hecho.html
3,2023-06-29,Paralelo28,Villa Ocampo: LLegan las vigas pretensadas para el puente sobre el Paraná Mini,Perotti,"En el día de este miércoles 28 de junio, llegaron dos vigas pretensadas, de 32 mts de largo, para la continuidad de la construcción del puente sobre el Paraná Miní en Villa Ocampo.

Luego de muchas idas y venidas con respecto a si continúa o avanza la construcción del puente sobre el Paraná Miní, en la ciudad de Villa Ocampo, corazón del Jaaukanigás, llegaron dos vigas pretensadas, de 32 metros de largo, desde la locadidad de Campana, luego de varios trámites para conseguir el permiso de traslado por la ruta 11.

Que esto diga que lo terminarían al puente por este gobierno provincial de Omar Perotti, generan muchas dudas, por la lentitud que se vio en los últimos meses, donde además, varias maquinarias pesadas fueron devueltas por la empresa constructora, ya que eran alquiladas.

Recordemos, que aún faltan los pilotes, unos 15 en total, que aún no se construyeron del otro lado del paranacito o Paraná Miní.",https://www.paralelo28.com.ar/2023/06/29/villa-ocampo-llegan-las-vigas-pretensadas-para-el-puente-sobre-el-parana-mini/
4,2023-06-25,Paralelo28,El cierre de listas nacionales se entremezcla con la campaña santafesina,Pullaro,"El cierre de las precandidaturas nacionales para renovar las 10 bancas santafesinas en la Cámara de Diputados de la Nación que se ponen en juego este año, dio formalmente por iniciada la campaña nacional que tal como señalamos hace tiempo, se mezclará con las tres semanas que aún restan de proselitismo local rumbo a las PASO del 16 de Julio.

Por: Darío H. Schueri – Desde Santa Fe

Las listas nacionales por Santa Fe

Omar Perotti rechazó el convite, y nadie de su sector formará parte de la lista de precandidatos de Unión por la Patria (al fin y al cabo tampoco renovaba banca propia, ya que Mirabella tiene hasta el 2025). El “Chivo” Rossi colocó el primero con Germán Martínez y no Massa con Diego Giuliano, que quedó tercero después de la camporista Florencia Carignano. Otra camporista, María de los Angeles Sacnún, irá cuarta.

En las dos listas UCR-PRO de Juntos por el Cambio no hubo novedades con los primeros: por el larretismo encabezará Juan Cruz “Cacu” Cándido, hombre del riñón político de Maximilino Pullaro, y en segundo lugar el PRO ubicó a Verónica Razzini, empresaria rosarina que saltó a la tapa de los medios cuando el año pasado fue amenazada por activistas del Sindicato de Camioneros de Santa Fe, y su negocio recibió 3 disparos en su fachada.

En la terminal de Patricia Bullrich saldrá en primer lugar un hombre del PRO (que va por la reelección) José Nuñez, mientras que la UCR aliada situó a María Liliana Serra de la UNL; y en tercer lugar irá un hombre de la Fundación Libertad: Alejandro Bongiovani, dicen que también aliado a López Murphy.

Finalmente Elisa Carrió no jugó la presidencial, ubicando en la lista santafesina de los UCR- Larretistas a Gerardo Colotti.

El precandidato a Presidente cordobés Juan Schiaretti, dejó en manos de sus aliados socialistas santafesinos el armado de la lista de diputados nacionales por Santa Fe, quienes posicionaron al socialista rosarino Esteban Paulón (director de políticas LGBT), seguido por la nadadora santafesina Vanesa García y el ruralista rafaelino Nicolás Lungo.

Javier Milei armó una lista de rosarinos, encabezada por su amiga la economista Romina Diez, seguido por Nicolás Mayorás de Vida y Familia, y Rocío Bonacci.

El panorama santafesino

Decíamos que con la cercanía de las elecciones provinciales con las nacionales, las primeras se nacionalizarían. Los radicales con sus socios PRO nacionales Bullrich y Larreta fueron los primeros en aprovechar esa ventaja, “bajando” a la Provincia a los líderes nacionales.

Naturalmente con la precandidatura a Presidente de Sergio Massa, hincha el pecho Oscar “Cachi” Martínez su aliado en la Provincia, que busca la reelección a diputado provincial con lista propia y sin precandidato a gobernador, desempolvando – rápido de reflejos- un jingle grabado por Los Palmeras hace ocho años cuando precisamente Sergio Massa también había sido precandidato a Presidente (y Martínez a gobernador) con los acordes de uno de sus principales hits: Que quiere la Chola.

Además de las listas de los demás precandidatos a gobernadores, Martínez – sin precandidato a gobernador – busca tallar fuerte en la futura grilla del PJ que se arme por el D´Hont rumbo al 10 de setiembre.

Antonio Bonfatti, precandidato a diputado provincial, asegura que su figura sigue intacta en el interior de la Provincia y busca, junto con su contrincante interna Clara García (ambos apoyando a Mónica Fein como precandidata a gobernadora) que el socialismo consiga la mayor cantidad de bancas posibles dentro del frente Unidos, después de 12 años de destacada presencia en la Cámara.

Obviamente los radicales José Corral y Dionisio Scarpín como cabezas de listas de diputados de Pullaro y Losada, deberán convencer a los electores de sus líderes que también lo hagan por ellos.

A diferencia de las elecciones nacionales, acá no hay arrastres.

Lo mismo le ocurrirá a los precandidatos a gobernador Gustavo Marconatto del frente Escucharte (con su primera diputada Débora Farabollini), Edelvino Bodoira del frente Viva la Libertad (con su diputado Juan Argañaraz), Eduardo Maradona de la Coalición Cívica (Lucila Lehmann diputada) y los peronistas Marcelo Lewandowski (con Omar Perotti diputado), Marcos Cleri (Alejandra Rodenas diputada) Eduardo Toniolli (Lucila De Ponti diputada) y Leandro Busatto (Norma López diputada).

Luego estarán quienes van sólo por las bancas de diputados sin gobernadores a la vista tales como Rubén Giustiniani, Carlos del Frade y Amalia Granata (que apoya a Pullaro) con sus respectivas listas en busca de superar las PASO del 16 de julio rumbo a las generales del 10 de setiembre.

Mientras tanto, la Argentina asiste a la novedosa experiencia de un precandidato a presidente que es el ministro de economía, con una economía indomable.",https://www.paralelo28.com.ar/2023/06/25/el-cierre-de-listas-nacionales-se-entremezcla-con-la-campana-santafesina/
5,2023-06-25,Paralelo28,El cierre de listas nacionales se entremezcla con la campaña santafesina,Perotti,"El cierre de las precandidaturas nacionales para renovar las 10 bancas santafesinas en la Cámara de Diputados de la Nación que se ponen en juego este año, dio formalmente por iniciada la campaña nacional que tal como señalamos hace tiempo, se mezclará con las tres semanas que aún restan de proselitismo local rumbo a las PASO del 16 de Julio.

Por: Darío H. Schueri – Desde Santa Fe

Las listas nacionales por Santa Fe

Omar Perotti rechazó el convite, y nadie de su sector formará parte de la lista de precandidatos de Unión por la Patria (al fin y al cabo tampoco renovaba banca propia, ya que Mirabella tiene hasta el 2025). El “Chivo” Rossi colocó el primero con Germán Martínez y no Massa con Diego Giuliano, que quedó tercero después de la camporista Florencia Carignano. Otra camporista, María de los Angeles Sacnún, irá cuarta.

En las dos listas UCR-PRO de Juntos por el Cambio no hubo novedades con los primeros: por el larretismo encabezará Juan Cruz “Cacu” Cándido, hombre del riñón político de Maximilino Pullaro, y en segundo lugar el PRO ubicó a Verónica Razzini, empresaria rosarina que saltó a la tapa de los medios cuando el año pasado fue amenazada por activistas del Sindicato de Camioneros de Santa Fe, y su negocio recibió 3 disparos en su fachada.

En la terminal de Patricia Bullrich saldrá en primer lugar un hombre del PRO (que va por la reelección) José Nuñez, mientras que la UCR aliada situó a María Liliana Serra de la UNL; y en tercer lugar irá un hombre de la Fundación Libertad: Alejandro Bongiovani, dicen que también aliado a López Murphy.

Finalmente Elisa Carrió no jugó la presidencial, ubicando en la lista santafesina de los UCR- Larretistas a Gerardo Colotti.

El precandidato a Presidente cordobés Juan Schiaretti, dejó en manos de sus aliados socialistas santafesinos el armado de la lista de diputados nacionales por Santa Fe, quienes posicionaron al socialista rosarino Esteban Paulón (director de políticas LGBT), seguido por la nadadora santafesina Vanesa García y el ruralista rafaelino Nicolás Lungo.

Javier Milei armó una lista de rosarinos, encabezada por su amiga la economista Romina Diez, seguido por Nicolás Mayorás de Vida y Familia, y Rocío Bonacci.

El panorama santafesino

Decíamos que con la cercanía de las elecciones provinciales con las nacionales, las primeras se nacionalizarían. Los radicales con sus socios PRO nacionales Bullrich y Larreta fueron los primeros en aprovechar esa ventaja, “bajando” a la Provincia a los líderes nacionales.

Naturalmente con la precandidatura a Presidente de Sergio Massa, hincha el pecho Oscar “Cachi” Martínez su aliado en la Provincia, que busca la reelección a diputado provincial con lista propia y sin precandidato a gobernador, desempolvando – rápido de reflejos- un jingle grabado por Los Palmeras hace ocho años cuando precisamente Sergio Massa también había sido precandidato a Presidente (y Martínez a gobernador) con los acordes de uno de sus principales hits: Que quiere la Chola.

Además de las listas de los demás precandidatos a gobernadores, Martínez – sin precandidato a gobernador – busca tallar fuerte en la futura grilla del PJ que se arme por el D´Hont rumbo al 10 de setiembre.

Antonio Bonfatti, precandidato a diputado provincial, asegura que su figura sigue intacta en el interior de la Provincia y busca, junto con su contrincante interna Clara García (ambos apoyando a Mónica Fein como precandidata a gobernadora) que el socialismo consiga la mayor cantidad de bancas posibles dentro del frente Unidos, después de 12 años de destacada presencia en la Cámara.

Obviamente los radicales José Corral y Dionisio Scarpín como cabezas de listas de diputados de Pullaro y Losada, deberán convencer a los electores de sus líderes que también lo hagan por ellos.

A diferencia de las elecciones nacionales, acá no hay arrastres.

Lo mismo le ocurrirá a los precandidatos a gobernador Gustavo Marconatto del frente Escucharte (con su primera diputada Débora Farabollini), Edelvino Bodoira del frente Viva la Libertad (con su diputado Juan Argañaraz), Eduardo Maradona de la Coalición Cívica (Lucila Lehmann diputada) y los peronistas Marcelo Lewandowski (con Omar Perotti diputado), Marcos Cleri (Alejandra Rodenas diputada) Eduardo Toniolli (Lucila De Ponti diputada) y Leandro Busatto (Norma López diputada).

Luego estarán quienes van sólo por las bancas de diputados sin gobernadores a la vista tales como Rubén Giustiniani, Carlos del Frade y Amalia Granata (que apoya a Pullaro) con sus respectivas listas en busca de superar las PASO del 16 de julio rumbo a las generales del 10 de setiembre.

Mientras tanto, la Argentina asiste a la novedosa experiencia de un precandidato a presidente que es el ministro de economía, con una economía indomable.",https://www.paralelo28.com.ar/2023/06/25/el-cierre-de-listas-nacionales-se-entremezcla-con-la-campana-santafesina/
6,2023-06-25,Paralelo28,El cierre de listas nacionales se entremezcla con la campaña santafesina,Losada,"El cierre de las precandidaturas nacionales para renovar las 10 bancas santafesinas en la Cámara de Diputados de la Nación que se ponen en juego este año, dio formalmente por iniciada la campaña nacional que tal como señalamos hace tiempo, se mezclará con las tres semanas que aún restan de proselitismo local rumbo a las PASO del 16 de Julio.

Por: Darío H. Schueri – Desde Santa Fe

Las listas nacionales por Santa Fe

Omar Perotti rechazó el convite, y nadie de su sector formará parte de la lista de precandidatos de Unión por la Patria (al fin y al cabo tampoco renovaba banca propia, ya que Mirabella tiene hasta el 2025). El “Chivo” Rossi colocó el primero con Germán Martínez y no Massa con Diego Giuliano, que quedó tercero después de la camporista Florencia Carignano. Otra camporista, María de los Angeles Sacnún, irá cuarta.

En las dos listas UCR-PRO de Juntos por el Cambio no hubo novedades con los primeros: por el larretismo encabezará Juan Cruz “Cacu” Cándido, hombre del riñón político de Maximilino Pullaro, y en segundo lugar el PRO ubicó a Verónica Razzini, empresaria rosarina que saltó a la tapa de los medios cuando el año pasado fue amenazada por activistas del Sindicato de Camioneros de Santa Fe, y su negocio recibió 3 disparos en su fachada.

En la terminal de Patricia Bullrich saldrá en primer lugar un hombre del PRO (que va por la reelección) José Nuñez, mientras que la UCR aliada situó a María Liliana Serra de la UNL; y en tercer lugar irá un hombre de la Fundación Libertad: Alejandro Bongiovani, dicen que también aliado a López Murphy.

Finalmente Elisa Carrió no jugó la presidencial, ubicando en la lista santafesina de los UCR- Larretistas a Gerardo Colotti.

El precandidato a Presidente cordobés Juan Schiaretti, dejó en manos de sus aliados socialistas santafesinos el armado de la lista de diputados nacionales por Santa Fe, quienes posicionaron al socialista rosarino Esteban Paulón (director de políticas LGBT), seguido por la nadadora santafesina Vanesa García y el ruralista rafaelino Nicolás Lungo.

Javier Milei armó una lista de rosarinos, encabezada por su amiga la economista Romina Diez, seguido por Nicolás Mayorás de Vida y Familia, y Rocío Bonacci.

El panorama santafesino

Decíamos que con la cercanía de las elecciones provinciales con las nacionales, las primeras se nacionalizarían. Los radicales con sus socios PRO nacionales Bullrich y Larreta fueron los primeros en aprovechar esa ventaja, “bajando” a la Provincia a los líderes nacionales.

Naturalmente con la precandidatura a Presidente de Sergio Massa, hincha el pecho Oscar “Cachi” Martínez su aliado en la Provincia, que busca la reelección a diputado provincial con lista propia y sin precandidato a gobernador, desempolvando – rápido de reflejos- un jingle grabado por Los Palmeras hace ocho años cuando precisamente Sergio Massa también había sido precandidato a Presidente (y Martínez a gobernador) con los acordes de uno de sus principales hits: Que quiere la Chola.

Además de las listas de los demás precandidatos a gobernadores, Martínez – sin precandidato a gobernador – busca tallar fuerte en la futura grilla del PJ que se arme por el D´Hont rumbo al 10 de setiembre.

Antonio Bonfatti, precandidato a diputado provincial, asegura que su figura sigue intacta en el interior de la Provincia y busca, junto con su contrincante interna Clara García (ambos apoyando a Mónica Fein como precandidata a gobernadora) que el socialismo consiga la mayor cantidad de bancas posibles dentro del frente Unidos, después de 12 años de destacada presencia en la Cámara.

Obviamente los radicales José Corral y Dionisio Scarpín como cabezas de listas de diputados de Pullaro y Losada, deberán convencer a los electores de sus líderes que también lo hagan por ellos.

A diferencia de las elecciones nacionales, acá no hay arrastres.

Lo mismo le ocurrirá a los precandidatos a gobernador Gustavo Marconatto del frente Escucharte (con su primera diputada Débora Farabollini), Edelvino Bodoira del frente Viva la Libertad (con su diputado Juan Argañaraz), Eduardo Maradona de la Coalición Cívica (Lucila Lehmann diputada) y los peronistas Marcelo Lewandowski (con Omar Perotti diputado), Marcos Cleri (Alejandra Rodenas diputada) Eduardo Toniolli (Lucila De Ponti diputada) y Leandro Busatto (Norma López diputada).

Luego estarán quienes van sólo por las bancas de diputados sin gobernadores a la vista tales como Rubén Giustiniani, Carlos del Frade y Amalia Granata (que apoya a Pullaro) con sus respectivas listas en busca de superar las PASO del 16 de julio rumbo a las generales del 10 de setiembre.

Mientras tanto, la Argentina asiste a la novedosa experiencia de un precandidato a presidente que es el ministro de economía, con una economía indomable.",https://www.paralelo28.com.ar/2023/06/25/el-cierre-de-listas-nacionales-se-entremezcla-con-la-campana-santafesina/
7,2023-06-25,Paralelo28,El cierre de listas nacionales se entremezcla con la campaña santafesina,Lewandowski,"El cierre de las precandidaturas nacionales para renovar las 10 bancas santafesinas en la Cámara de Diputados de la Nación que se ponen en juego este año, dio formalmente por iniciada la campaña nacional que tal como señalamos hace tiempo, se mezclará con las tres semanas que aún restan de proselitismo local rumbo a las PASO del 16 de Julio.

Por: Darío H. Schueri – Desde Santa Fe

Las listas nacionales por Santa Fe

Omar Perotti rechazó el convite, y nadie de su sector formará parte de la lista de precandidatos de Unión por la Patria (al fin y al cabo tampoco renovaba banca propia, ya que Mirabella tiene hasta el 2025). El “Chivo” Rossi colocó el primero con Germán Martínez y no Massa con Diego Giuliano, que quedó tercero después de la camporista Florencia Carignano. Otra camporista, María de los Angeles Sacnún, irá cuarta.

En las dos listas UCR-PRO de Juntos por el Cambio no hubo novedades con los primeros: por el larretismo encabezará Juan Cruz “Cacu” Cándido, hombre del riñón político de Maximilino Pullaro, y en segundo lugar el PRO ubicó a Verónica Razzini, empresaria rosarina que saltó a la tapa de los medios cuando el año pasado fue amenazada por activistas del Sindicato de Camioneros de Santa Fe, y su negocio recibió 3 disparos en su fachada.

En la terminal de Patricia Bullrich saldrá en primer lugar un hombre del PRO (que va por la reelección) José Nuñez, mientras que la UCR aliada situó a María Liliana Serra de la UNL; y en tercer lugar irá un hombre de la Fundación Libertad: Alejandro Bongiovani, dicen que también aliado a López Murphy.

Finalmente Elisa Carrió no jugó la presidencial, ubicando en la lista santafesina de los UCR- Larretistas a Gerardo Colotti.

El precandidato a Presidente cordobés Juan Schiaretti, dejó en manos de sus aliados socialistas santafesinos el armado de la lista de diputados nacionales por Santa Fe, quienes posicionaron al socialista rosarino Esteban Paulón (director de políticas LGBT), seguido por la nadadora santafesina Vanesa García y el ruralista rafaelino Nicolás Lungo.

Javier Milei armó una lista de rosarinos, encabezada por su amiga la economista Romina Diez, seguido por Nicolás Mayorás de Vida y Familia, y Rocío Bonacci.

El panorama santafesino

Decíamos que con la cercanía de las elecciones provinciales con las nacionales, las primeras se nacionalizarían. Los radicales con sus socios PRO nacionales Bullrich y Larreta fueron los primeros en aprovechar esa ventaja, “bajando” a la Provincia a los líderes nacionales.

Naturalmente con la precandidatura a Presidente de Sergio Massa, hincha el pecho Oscar “Cachi” Martínez su aliado en la Provincia, que busca la reelección a diputado provincial con lista propia y sin precandidato a gobernador, desempolvando – rápido de reflejos- un jingle grabado por Los Palmeras hace ocho años cuando precisamente Sergio Massa también había sido precandidato a Presidente (y Martínez a gobernador) con los acordes de uno de sus principales hits: Que quiere la Chola.

Además de las listas de los demás precandidatos a gobernadores, Martínez – sin precandidato a gobernador – busca tallar fuerte en la futura grilla del PJ que se arme por el D´Hont rumbo al 10 de setiembre.

Antonio Bonfatti, precandidato a diputado provincial, asegura que su figura sigue intacta en el interior de la Provincia y busca, junto con su contrincante interna Clara García (ambos apoyando a Mónica Fein como precandidata a gobernadora) que el socialismo consiga la mayor cantidad de bancas posibles dentro del frente Unidos, después de 12 años de destacada presencia en la Cámara.

Obviamente los radicales José Corral y Dionisio Scarpín como cabezas de listas de diputados de Pullaro y Losada, deberán convencer a los electores de sus líderes que también lo hagan por ellos.

A diferencia de las elecciones nacionales, acá no hay arrastres.

Lo mismo le ocurrirá a los precandidatos a gobernador Gustavo Marconatto del frente Escucharte (con su primera diputada Débora Farabollini), Edelvino Bodoira del frente Viva la Libertad (con su diputado Juan Argañaraz), Eduardo Maradona de la Coalición Cívica (Lucila Lehmann diputada) y los peronistas Marcelo Lewandowski (con Omar Perotti diputado), Marcos Cleri (Alejandra Rodenas diputada) Eduardo Toniolli (Lucila De Ponti diputada) y Leandro Busatto (Norma López diputada).

Luego estarán quienes van sólo por las bancas de diputados sin gobernadores a la vista tales como Rubén Giustiniani, Carlos del Frade y Amalia Granata (que apoya a Pullaro) con sus respectivas listas en busca de superar las PASO del 16 de julio rumbo a las generales del 10 de setiembre.

Mientras tanto, la Argentina asiste a la novedosa experiencia de un precandidato a presidente que es el ministro de economía, con una economía indomable.",https://www.paralelo28.com.ar/2023/06/25/el-cierre-de-listas-nacionales-se-entremezcla-con-la-campana-santafesina/
8,2023-06-25,Paralelo28,El cierre de listas nacionales se entremezcla con la campaña santafesina,Cleri,"El cierre de las precandidaturas nacionales para renovar las 10 bancas santafesinas en la Cámara de Diputados de la Nación que se ponen en juego este año, dio formalmente por iniciada la campaña nacional que tal como señalamos hace tiempo, se mezclará con las tres semanas que aún restan de proselitismo local rumbo a las PASO del 16 de Julio.

Por: Darío H. Schueri – Desde Santa Fe

Las listas nacionales por Santa Fe

Omar Perotti rechazó el convite, y nadie de su sector formará parte de la lista de precandidatos de Unión por la Patria (al fin y al cabo tampoco renovaba banca propia, ya que Mirabella tiene hasta el 2025). El “Chivo” Rossi colocó el primero con Germán Martínez y no Massa con Diego Giuliano, que quedó tercero después de la camporista Florencia Carignano. Otra camporista, María de los Angeles Sacnún, irá cuarta.

En las dos listas UCR-PRO de Juntos por el Cambio no hubo novedades con los primeros: por el larretismo encabezará Juan Cruz “Cacu” Cándido, hombre del riñón político de Maximilino Pullaro, y en segundo lugar el PRO ubicó a Verónica Razzini, empresaria rosarina que saltó a la tapa de los medios cuando el año pasado fue amenazada por activistas del Sindicato de Camioneros de Santa Fe, y su negocio recibió 3 disparos en su fachada.

En la terminal de Patricia Bullrich saldrá en primer lugar un hombre del PRO (que va por la reelección) José Nuñez, mientras que la UCR aliada situó a María Liliana Serra de la UNL; y en tercer lugar irá un hombre de la Fundación Libertad: Alejandro Bongiovani, dicen que también aliado a López Murphy.

Finalmente Elisa Carrió no jugó la presidencial, ubicando en la lista santafesina de los UCR- Larretistas a Gerardo Colotti.

El precandidato a Presidente cordobés Juan Schiaretti, dejó en manos de sus aliados socialistas santafesinos el armado de la lista de diputados nacionales por Santa Fe, quienes posicionaron al socialista rosarino Esteban Paulón (director de políticas LGBT), seguido por la nadadora santafesina Vanesa García y el ruralista rafaelino Nicolás Lungo.

Javier Milei armó una lista de rosarinos, encabezada por su amiga la economista Romina Diez, seguido por Nicolás Mayorás de Vida y Familia, y Rocío Bonacci.

El panorama santafesino

Decíamos que con la cercanía de las elecciones provinciales con las nacionales, las primeras se nacionalizarían. Los radicales con sus socios PRO nacionales Bullrich y Larreta fueron los primeros en aprovechar esa ventaja, “bajando” a la Provincia a los líderes nacionales.

Naturalmente con la precandidatura a Presidente de Sergio Massa, hincha el pecho Oscar “Cachi” Martínez su aliado en la Provincia, que busca la reelección a diputado provincial con lista propia y sin precandidato a gobernador, desempolvando – rápido de reflejos- un jingle grabado por Los Palmeras hace ocho años cuando precisamente Sergio Massa también había sido precandidato a Presidente (y Martínez a gobernador) con los acordes de uno de sus principales hits: Que quiere la Chola.

Además de las listas de los demás precandidatos a gobernadores, Martínez – sin precandidato a gobernador – busca tallar fuerte en la futura grilla del PJ que se arme por el D´Hont rumbo al 10 de setiembre.

Antonio Bonfatti, precandidato a diputado provincial, asegura que su figura sigue intacta en el interior de la Provincia y busca, junto con su contrincante interna Clara García (ambos apoyando a Mónica Fein como precandidata a gobernadora) que el socialismo consiga la mayor cantidad de bancas posibles dentro del frente Unidos, después de 12 años de destacada presencia en la Cámara.

Obviamente los radicales José Corral y Dionisio Scarpín como cabezas de listas de diputados de Pullaro y Losada, deberán convencer a los electores de sus líderes que también lo hagan por ellos.

A diferencia de las elecciones nacionales, acá no hay arrastres.

Lo mismo le ocurrirá a los precandidatos a gobernador Gustavo Marconatto del frente Escucharte (con su primera diputada Débora Farabollini), Edelvino Bodoira del frente Viva la Libertad (con su diputado Juan Argañaraz), Eduardo Maradona de la Coalición Cívica (Lucila Lehmann diputada) y los peronistas Marcelo Lewandowski (con Omar Perotti diputado), Marcos Cleri (Alejandra Rodenas diputada) Eduardo Toniolli (Lucila De Ponti diputada) y Leandro Busatto (Norma López diputada).

Luego estarán quienes van sólo por las bancas de diputados sin gobernadores a la vista tales como Rubén Giustiniani, Carlos del Frade y Amalia Granata (que apoya a Pullaro) con sus respectivas listas en busca de superar las PASO del 16 de julio rumbo a las generales del 10 de setiembre.

Mientras tanto, la Argentina asiste a la novedosa experiencia de un precandidato a presidente que es el ministro de economía, con una economía indomable.",https://www.paralelo28.com.ar/2023/06/25/el-cierre-de-listas-nacionales-se-entremezcla-con-la-campana-santafesina/
9,2023-06-24,Paralelo28,Clara García: «Perotti fue una estafa electoral en todo sentido»,Perotti,"La precandidata a diputada provincial de la lista Adelante (Unidos para cambiar Santa Fe) dijo que en la provincia «se huele un cambio» y describió al gobernador como «un hombre en retirada que solo espera atrincherarse en la Legislatura para poner palos en la rueda al futuro gobierno».

Clara García, describió a Omar Perotti como «un gobernador en retirada que solo espera atrincherarse en la Legislatura para poner palos en la rueda al futuro gobierno. No se lo vamos a permitir», aseguró y, en ese sentido, vaticinó: «Recorremos la provincia y se huele un cambio».

En declaraciones periodísticas, García dijo que la actual gestión «fue una estafa electoral a los santafesinos en todo sentido: nos dejó indefensos y sin educación. Nunca tuvo una política educativa ni un plan de seguridad y hoy tenemos más del doble de homicidios que la gestión anterior».

«Estamos con escuelas amenazadas, robadas y baleadas, algo que jamás pensamos que veríamos. En Rosario los docentes pararon dos veces en 10 días por ese motivo y Perotti ni siquiera es capaz de reponer de inmediato los elementos robados a las instituciones educativas», cuestionó durante una visita al Complejo Educativo Gurruchaga de Rosario, donde se llevaron equipos valuados en más de $50 millones».

En ese punto, aseguró que «esta crisis se puede revertir» y pero volvió a insistir en la necesidad de contar con una política educativa: «No se puede gestionar la educación de esta provincia dando órdenes por mensajes de celular como hizo una ministra del área hasta hace poco tiempo. Nuestra manera de trabajar es asegurando inversiones, como hicimos siempre, y escuchando a la comunidad educativa».

La actual diputada provincial también se refirió a la cuestión productiva ante el anuncio de la empresa Paladini de que pondrá un freno en sus inversiones: «Le pasa como a tantas empresas que no pueden importar equipos y, además, la inflación hace que la gente consuma mucho menos, inclusive alimentos».

«Es verdad que no hay un plan económico a nivel nacional –señaló-, pero nosotros recorremos la provincia y la ausencia del Estado provincial es generalizada. Perotti no solo no acompaña las inversiones locales de una marca reconocida a nivel país que, además exporta sus productos; tampoco apoya a las pymes que son las que tienen menos margen de maniobra tienen en una crisis como la que vive el país. Lo vimos con la sequía y ya lo habíamos visto durante la pandemia con la falta de acompañamiento a los comercios y a una gran cantidad de sectores que prestan servicios», rememoró.

«Desde el principio fue una gestión de brazos caídos, que prometió y no cumplió ni gestionó a favor de la gente y eso hoy genera un rechazo muy fuerte», aseguró.",https://www.paralelo28.com.ar/2023/06/24/clara-garcia-perotti-fue-una-estafa-electoral-en-todo-sentido/
10,2023-06-23,Paralelo28,Elecciones en Santa Fe: Qué votamos en las PASO del 16 de julio,Pullaro,"En las elecciones 2023 en Santa Fe del domingo 16 de julio se eligen gobernador y vicegobernador, senadores y diputados provinciales, concejales, intendentes y presidentes de comunas. El voto es obligatorio para los mayores de 18 y menores de 70 años. La votación empieza a las 8 y termina a las 18.

Santa Fe elige este domingo 16 de julio:

– Gobernador y vicegobernador

– 19 senadores departamentales

– 50 diputados provinciales

– Intendentes municipales

– Concejales municipales

– Presidentes de comunas

Los candidatos en Santa Fe

En las elecciones PASO de Santa Fe 2023 se presentan 13 fórmulas a gobernador y vicegobernador.

Juntos Avancemos

– Elijo Hacer: Marcelo Lewandoswki-Silvina Frana

– Unamos fuerzas: Leandro Busatto-Alejandra Gómez Sáenz

– Unidad Ciudadana: Marcos Cléri-Alejandra Obeid

– Un futuro sin miedo: Eduardo Toniolli- Leticia Quagliaro

Unidos para Cambiar Santa Fe

– Es con vos: Carolina Losada-Federico Angelini

– Santa Fe puede: Maximiliano Pullaro-Gisela Scaglia

– Adelante: Mónica Fein-Eugenio Fernández

Frente de Izquierda y de Trabajadores-Unidad

– Unir la izquierda: Carla Deiana-Mauricio Acosta

– Fortalecer la izquierda: Octavio Crivaro-Daniela Vergara

Coalición Cívica

– Cambia Santa Fe: Eduardo Maradona-Gabriela Vecchio

Escucharte

– Escucharte Santa Fe: Gustavo Marconato-Cristina Feria

Partido Moderado

Invencible: Walter Eiguren-Graciela Blanco

Viva la Libertad

Inspirar: Edelvino Bodoira-Nora Sánchez

Quiénes pueden votar del padrón electoral

Están habilitados para votar en las elecciones de Santa Fe 2023 los ciudadanos nativos, por opción y naturalizados, con domicilio en Santa Fe, desde los 16 años cumplidos. En tanto, los extranjeros deben contar con dos años de residencia y haberse inscripto en el Registro Provincial Electoral Extranjero.

Cómo consultar el padrón electoral

El Tribunal Electoral de Santa Fe habilitó un sitio web en el que los electores pueden averiguar dónde deben votar. Para acceder a esa información es necesario ingresar a la web, colocar número de documento, género y completar un código de seguridad.

Tras esa verificación, el sistema proporciona el nombre y la dirección del establecimiento de votación, el número de mesa y el número de orden. Se recomienda concurrir a votar con esa información porque agiliza el trámite y reduce las demoras.

Los documentos válidos para votar son:

– Libreta Cívica

– Libreta de Enrolamiento

– DNI verde

– DNI celeste

– DNI tarjeta

El ejemplar del documento debe ser igual o posterior al que figura en el padrón electoral. No está permitido el voto de ciudadanos cuyo documento corresponde a un ejemplar anterior al que figura en el padrón electoral ni de aquellos que presenten el “DNI en su celular”.

Las PASO nacionales son el domingo 13 de agosto y las elecciones generales nacionales son el 22 de octubre. En caso de un eventual balotaje la fecha de la votación es el 19 de noviembre. En Santa Fe se eligen 10 diputados nacionales.

gentileza radio amanecer",https://www.paralelo28.com.ar/2023/06/23/elecciones-en-santa-fe-que-votamos-en-las-paso-del-16-de-julio/
11,2023-06-23,Paralelo28,Elecciones en Santa Fe: Qué votamos en las PASO del 16 de julio,Losada,"En las elecciones 2023 en Santa Fe del domingo 16 de julio se eligen gobernador y vicegobernador, senadores y diputados provinciales, concejales, intendentes y presidentes de comunas. El voto es obligatorio para los mayores de 18 y menores de 70 años. La votación empieza a las 8 y termina a las 18.

Santa Fe elige este domingo 16 de julio:

– Gobernador y vicegobernador

– 19 senadores departamentales

– 50 diputados provinciales

– Intendentes municipales

– Concejales municipales

– Presidentes de comunas

Los candidatos en Santa Fe

En las elecciones PASO de Santa Fe 2023 se presentan 13 fórmulas a gobernador y vicegobernador.

Juntos Avancemos

– Elijo Hacer: Marcelo Lewandoswki-Silvina Frana

– Unamos fuerzas: Leandro Busatto-Alejandra Gómez Sáenz

– Unidad Ciudadana: Marcos Cléri-Alejandra Obeid

– Un futuro sin miedo: Eduardo Toniolli- Leticia Quagliaro

Unidos para Cambiar Santa Fe

– Es con vos: Carolina Losada-Federico Angelini

– Santa Fe puede: Maximiliano Pullaro-Gisela Scaglia

– Adelante: Mónica Fein-Eugenio Fernández

Frente de Izquierda y de Trabajadores-Unidad

– Unir la izquierda: Carla Deiana-Mauricio Acosta

– Fortalecer la izquierda: Octavio Crivaro-Daniela Vergara

Coalición Cívica

– Cambia Santa Fe: Eduardo Maradona-Gabriela Vecchio

Escucharte

– Escucharte Santa Fe: Gustavo Marconato-Cristina Feria

Partido Moderado

Invencible: Walter Eiguren-Graciela Blanco

Viva la Libertad

Inspirar: Edelvino Bodoira-Nora Sánchez

Quiénes pueden votar del padrón electoral

Están habilitados para votar en las elecciones de Santa Fe 2023 los ciudadanos nativos, por opción y naturalizados, con domicilio en Santa Fe, desde los 16 años cumplidos. En tanto, los extranjeros deben contar con dos años de residencia y haberse inscripto en el Registro Provincial Electoral Extranjero.

Cómo consultar el padrón electoral

El Tribunal Electoral de Santa Fe habilitó un sitio web en el que los electores pueden averiguar dónde deben votar. Para acceder a esa información es necesario ingresar a la web, colocar número de documento, género y completar un código de seguridad.

Tras esa verificación, el sistema proporciona el nombre y la dirección del establecimiento de votación, el número de mesa y el número de orden. Se recomienda concurrir a votar con esa información porque agiliza el trámite y reduce las demoras.

Los documentos válidos para votar son:

– Libreta Cívica

– Libreta de Enrolamiento

– DNI verde

– DNI celeste

– DNI tarjeta

El ejemplar del documento debe ser igual o posterior al que figura en el padrón electoral. No está permitido el voto de ciudadanos cuyo documento corresponde a un ejemplar anterior al que figura en el padrón electoral ni de aquellos que presenten el “DNI en su celular”.

Las PASO nacionales son el domingo 13 de agosto y las elecciones generales nacionales son el 22 de octubre. En caso de un eventual balotaje la fecha de la votación es el 19 de noviembre. En Santa Fe se eligen 10 diputados nacionales.

gentileza radio amanecer",https://www.paralelo28.com.ar/2023/06/23/elecciones-en-santa-fe-que-votamos-en-las-paso-del-16-de-julio/
12,2023-06-29,El Eco de Sunchales,El gobernador Perotti recorrió el nuevo edificio de la Comisaría 3ª de Sunchales,Perotti,"Ubicado en la intersección de las calles Rafaela y Esperanza, en Barrio Colón, la construcción de 120 metros cuadrados demandó una inversión superior a los 18 millones de pesos que fueron aportados por el gobierno provincial, la Municipalidad de Sunchales y la Cooperadora Policial. Perotti también anunció que próximamente se elevarán los pliegos para la creación de la Fiscalía en nuestra ciudad y la radicación del Comando Radioeléctrico en las instalaciones ubicadas en Avenida Belgrano y Urquiza.

Alrededor del mediodía del miércoles 28, el gobernador Omar Perotti arribó a Sunchales para recorrer la construcción finalizada de la nueva Comisaría Nº 3 ubicada en calle Rafaela 1091, en un terreno que fue donado por el Municipio a la provincia, enmarcándose la obra en el Nuevo Programa Provincial de Modernización de Edificios afectados al Ministerio de Seguridad. La superficie construida es de 120 metros cuadrados y se construyó en dos etapas.

En la primera etapa, se construyó 50 m2 y la inversión aproximada fue de 7,5 millones de pesos, aportes que se distribuyeron de la siguiente manera: $2.806.812 por el gobierno provincial, $3.500.000 la Municipalidad y $1.200.00 la Cooperadora policial. En tanto, en la segunda etapa se amplió otros 70 m2, con un presupuesto superior a los 11 millones de pesos, aportando la provincia $8.220.347; $1.500.000 el Municipio y una idéntica suma la Cooperadora Policial, este último para el cerramiento perimetral.

El intendente de Sunchales, Gonzalo Toselli, oficiando de anfitrión, destacó que “en los últimos meses de mandato podemos decir que lo que nos comprometimos a hacer juntos lo pudimos lograr; y ni hablar con el apoyo que tuvimos en seguridad, para ampliar nuestro sistema de monitoreo”; y resaltó que la Comisaría es “mucho más que una obra, que una inversión, sino que tiene un impacto importante en la vida de los ciudadanos”.

Minutos después, el senador provincial por el departamento Castellanos, Alcides Calvo, indicó que “es un momento importante para Sunchales, porque ustedes saben que esta obra venía postergada y fue la decisión política del gobernador de la provincia poder finalizarla ya que estaba programada. Hemos asumido ese compromiso, y hoy es una obra culminada”.

En el cierre de las alocuciones, el gobernador santafesino señaló que “es muy bueno poder terminar una obra y ponerla en marcha, con los esfuerzos conjuntos. El tema de la seguridad es y era una preocupación”; y precisó que “el cambio definitivo se va a producir cuando todo esté plenamente operativo, para no tener ningún vacío que pueda afectar la seguridad de los ciudadanos”. Perotti explicó que la mudanza de los mobiliarios es lo más sencillo pero que el tema de la conectividad es mucho más complejo, comprendiendo además las alarmas vinculadas a las entidades bancarias.

A continuación, el gobernador indicó que “las obras y acciones, que con distintos programas estamos haciendo juntos, tienen que ver con cumplir con Sunchales y con un compromiso de trabajo muy fuerte con la región”; y destacó que “tenemos un plan de obras en toda la provincia, en cada uno de los municipios y comunas, que no queremos que se detenga”.

Perotti también mencionó el Programa ""Caminos de la Ruralidad"", donde finalizó en estos días el mejorado y ripiado de más de 10 km. de caminos en el Sector Suroeste del Distrito Rural de Sunchales. ""Esta es una decisión política, fruto del conocimiento del sector y porque nuestra provincia debe tener una red de caminos que resguarden la salida de la producción agropecuaria, además de promocionar el arraigo de las familias en el sector rural y el vínculo con las escuelas rurales"".

El mandatario santafesino anunció que en breve, el Ministerio de Justicia estará elevando a la Legislatura provincial, los pliegos para la creación de una Fiscalía en Sunchales que se radicaría en un nuevo edificio que se construirá en Av. Belgrano y Urquiza, donde actualmente funciona la dependencia policial. En ese edificio también operaría el Comando Radioeléctrico de la Unidad Regional V. También aclaró que el proyecto de ampliación del Hospital ""Dr. Almícar Gorosito"" sigue avanzando a pesar de atravesar una difícil coyuntura por el aumento sostenido de precios en la obra pública pero que no se va a detener y que hay un proceso de reacomodamiento de ritmos de ejecución y el esquema de financiamiento.

“Es un buen día para Sunchales, para la región, para la provincia y para seguir trabajando de forma coordinada, de forma conjunta, unidos, en los temas de mayor preocupación de la gente. Creo que este es el camino que queremos en Santa Fe y que deseamos para toda la Argentina”, concluyó Perotti.

RECORRIDA DE OBRAS

Luego, el gobernador Perotti, y las autoridades presentes habilitaron el puente sobre calle Ameghino, trabajos que forman parte de la segunda etapa de la readecuación del Canal Norte Sunchales; y recorrieron las obras de la Ruta Nacional N° 34, especialmente la nueva rotonda de acceso a la ciudad.

Al respecto, el gobernador destacó que “la ruta nacional 34, desde Angélica hasta Sunchales, es una obra que viene avanzando muy bien, y particularmente dejando en la trama urbana esta rotonda ya habilitada”.

“Es una obra que no tiene vuelta atrás, todos los días vamos avanzando, independientemente de los momentos que nos toca vivir”, indicó el mandatario santafesino y resaltó que la rotonda “nos da un cruce de la trama urbana de la ciudad, acorde a lo que Sunchales merece, para el resguardo de quienes la transitan y de quienes viven aquí”.",https://elecodesunchales.com.ar/contenido/134418/el-gobernador-perotti-recorrio-el-nuevo-edificio-de-la-comisaria-3a-de-sunchales
13,2023-06-27,El Eco de Sunchales,"Perotti encabezó la presentación del nuevo Sistema de Control, Atención y Despacho del 911 en Rosario",Perotti,"Ubicado en Crespo y Avenida Sabbatini, marca un salto tecnológico en los recursos de la Policía de Santa Fe, dotándola de los medios idóneos, con estándares internacionales, para realizar tareas de prevención y control en territorio. En ese marco, el mandatario santafesino destacó “los 35 millones de dólares invertidos en esta puesta en marcha, de lo que hoy es el mejor equipamiento y desarrollo de tecnología y software en el país”.

El gobernador de la provincia, Omar Perotti, encabezó este martes 26 la presentación del nuevo Sistema de Control, Atención y Despacho (SICAD) en la ciudad de Rosario: “Damos un salto tecnológico de mucha importancia para dotar a toda nuestra institución policial de un instrumento que nos tiene que permitir mejorar la prestación de servicios, y estar con una acción de prevención mucho más fuerte”.

En paralelo, Perotti explicó que hubo una etapa previa “de capacitación y de formación, que se extenderá a todos los integrantes de la fuerza”, y remarcó la importancia de tener “el acompañamiento y el mayor apoyo que puede dar la tecnología para cada uno de los agentes que está fuera, en el territorio, en recorrida, y que está en operaciones”.

“Es una manera de multiplicar presencia”, agregó el mandatario santafesino, quien subrayó el valor de “incorporar equipamiento, armamento, elementos de protección para que, por primera vez en muchísimos años, la Policía pueda contar, todos y cada uno de los agentes, con sus chalecos de protección”.

Finalmente, el gobernador expresó su deseo de “que esta sea una herramienta que sume en la acción permanente de no vuelta atrás en la lucha contra el delito que hemos iniciado en la provincia de Santa Fe”.

MAYOR EQUIPAMIENTO Y MAS PERSONAL



Por su parte, el ministro de Seguridad, Claudio Brilloni, manifestó: “Hoy empezamos a transitar un nuevo paradigma en materia de control del comando, de las actividades operativas que desarrollamos en calle. Esto implica un salto cualitativo en cuanto a lo tecnológico para no solamente poner recursos humanos y logísticos en la calle, sino también poner recursos tecnológicos que van a servir para mejorar la actividad de patrullaje”.

A continuación, explicó que el edificio “fue refuncionalizado para mejorar las condiciones de trabajo de la policía”, y que se “incorporaron 610 empleados administrativos que van a trabajar en el centro de atención y despacho para poder sacar policías a la calle y que el personal jerarquizado, que esté en este lugar, dirija las operaciones, las controle, las supervise y acompañe el trabajo que hacen nuestros policías en la calle”.

Sobre el final, el director del Centro de Comando, Carlos Portis, detalló que “se trata de la suma de equipamiento informático, con plataformas asociadas, de punta y también mobiliario nuevo, importante para el personal”. Y agregó: “Es importante resaltar que se amplió la capacidad de respuesta del 911, prácticamente triplicamos los puestos de trabajo”.

De la actividad participaron también el ministro de Gestión Pública, Marcos Corach, y el jefe de la Policía de la provincia de Santa Fe, Martín García, entre otras autoridades provinciales y municipales, además de intendentes y presidente comunales de localidades del sur de la provincia, vinculadas al Centro de Atención, Despacho y Videovigilancia.",https://elecodesunchales.com.ar/contenido/134401/perotti-encabezo-la-presentacion-del-nuevo-sistema-de-control-atencion-y-despach
14,2023-06-27,El Eco de Sunchales,La provincia renueva la oferta de cursos del programa Santa Fe Capacita,Perotti,"A partir del mes de julio inician nuevas propuestas en modalidad presencial y virtual. Incluyen temáticas tales como gastronomía, habilidades de administración, marketing y comunicación, construcción, empleos verdes, industria 4.0, oficios tradicionales y muchas otras.

La provincia de Santa Fe, a través del Ministerio de Trabajo, Empleo y Seguridad Social (MTEySS), informa la apertura de inscripciones a nuevos cursos de formación laboral en el marco del programa “Santa Fe Capacita”.

El ministro de la cartera laboral, Juan Manuel Pusineri, celebró esta nueva instancia de capacitaciones de la siguiente manera: “desde el inicio de la gestión de Omar Perotti, en esta línea de acción hemos tenido como meta acompañar y estimular la generación puestos de trabajo calificados a través de la adquisición y desarrollo de habilidades laborales. En conjunto con el fomento del trabajo registrado, constituye una de las políticas centrales destinadas a promover el empleo de calidad en nuestra provincia”.

En tanto que la directora provincial de Formación y Capacitación, Laboral Valeria March, manifestó que “estamos presentando una oferta renovada de 65 cursos en diversas localidades de la provincia para facilitar que todas y todos los santafesinos accedan a estas herramientas que les permitan mejorar su empleabilidad”.

Las inscripciones se realizan online a través de las redes sociales del Portal de Empleo del MTEySS.",https://elecodesunchales.com.ar/contenido/134399/la-provincia-renueva-la-oferta-de-cursos-del-programa-santa-fe-capacita
15,2023-06-27,El Eco de Sunchales,"Pullaro: ""Se necesita un gobernador con coraje para liderar el cambio de modelo político en Santa Fe""",Pullaro,"El precandidato a gobernador por la lista ""Santa Fe Puede"" estuvo en Sunchales flanqueado por el precandidato a senador provincial por el Departamento Castellanos, Gonzalo Aira. Afirmó que ""hay que salir de un modelo populista para pasar a un modelo productivo; y acompañar al sector privado con políticas y obras públicas fundamentales para que pueda desplegar todo su potencial"". Y sentenció: ""No van a escuchar de mi parte, alguna crítica a los precandidatos de ""Unidos para Cambiar Santa Fe"". Yo tengo muy claro quién es el adversario. Y el 17 de julio, tenemos que estar todos juntos para trabajar en este proyecto que pretende cambiar la provincia"".

""Nosotros estamos convencidos que a la Argentina le hace falta un cambio de modelo. Salir de un modelo populista para pasar a un modelo productivo en donde el Estado Nacional deje de llevarse los recursos que generamos en el interior para volcarlos en el conurbano bonaerense"" afirmó en el inicio de su alocución, el precandidato a gobernador de laListas ""Santa Fe Puede"", Maximiliano Pullaro en la mañana del viernes 23 de junio, flanqueado por el precandidato a senador provincial por el Departamento Castellanos, Gonzalo Aira; y la referente de Evolución Sunchales, Marilina Grande que ofició de anfitriona ante la prensa y público en general.

""Santa Fe necesita un Gobernador y un Gobierno con mucho carácter. La provincia tiene mucha potencialidad para desarrollarse y salir adelante, los problemas que tenemos en estos momentos los podemos resolver"" explicó el actual diputado provincial de la corriente radical Evolución. ""Estuve recorriendo todo el espinel productivo de Santa Fe que contempla a productores de trigo, maíz, soja, algodón, arroz, caña de azúcar, frutilla; a industriales importantes de todas las áreas; y asociaciones de comercio. Allí es donde uno ve un potencial increíble, pero para que se pueda desplegar debe haber un Gobierno que acompañe, con políticas y obras públicas fundamentales, el crecimiento y desarrollo del sector privado"".

""Para esto se necesita un Gobernador con carácter, que trabaje y lidere el cambio que tiene que darse en la República Argentina. Tenemos que ir a un sistema productivo que apueste al desarrollo del interior, particularmente en la Región Centro, donde hay provincias con una potencialidad enorme en el campo, la industria y comercio"" expresó Maximiliano Pullaro, calificando a Perotti como un gobernador que no tiene carácter: ""Vinieron por la industria cárnica, cerraron las exportaciones y el gobernador se quedó callado en vez de defender a la industria santafesina. O cuando aumentaron las retenciones a la harina o al aceite de soja donde Santa Fe es el máximo productor, Perotti volvió a quedarse callado. Lo mismo pasó con el corte de biodiesel o la hidrovía. Ni hablar del acuerdo que hizo con el Estado Nacional por la deuda que tenía con Santa Fe. Por eso vuelvo a poner énfasis en la importancia del liderazgo que debe tener el gobernador de Santa Fe"".

""Nos preocupa la seguridad en la provincia donde nos han llevado a los peores índices delictivos y de violencia de la historia santafesina. Nos preocupa también el sistema educativo en su conjunto, donde en vez de invertir y mejorar la calidad educativa sacaron una norma de la no repitencia donde todos los chicos pasan de grado, estudien o no estudien. Nos preocupa la falta de inversión en el sistema de salud pública de la provincia cuando hace 4 años atrás todos nos planteábamos que era el sistema más robusto que había en la Argentina. Y hoy no hay guardias médicas, guardias pediátricas o de especialidades. Y si hilamos más fino, a los Samcos los mantiene la Cooperadora o los propios gobiernos locales"" manifestó el aspirante al sillón del Brigadier General Estanislao López .

La interna en el frente ""Unidos para Cambiar Santa Fe""

Maximiliano Pullaro se refirió a las críticas que recibe en el interior de la coalición: ""De un lado me dispara el Gobierno, pero por otro lado me dispara Carolina Losada y también Mónica Fein. Sobre Carolina Losada, solo decir que me sorprende porque hace seis meses atrás planteaba que había sido el mejor ministro de seguridad y ahora presenta esta contradicción que duele porque no todo vale en política ni en la vida.Y con respecto a Mónica Fein, no es que no quiero debatir, pero no deseo hacerlo solo con mis adversarios internos, hagámoslo con el kirchnerismo. Yo quiero que la sociedad santafesina vea las diferencias que tengo con el mal Gobierno de Omar Perotti, con políticas públicas que no se llevaron adelante y que hicieron que se empeoren todos los indicadores en la provincia de Santa Fe, sanitarios, educativos, en materia de seguridad y en materia de ejecución de obra pública. Nosotros no vamos a ser funcionales al kirchnerismo bajo ningún concepto. Desde mi lugar no se va a escuchar ninguna crítica a ningún miembro de Unidos para Cambiar Santa Fe. Yo tengo muy claro quién es el adversario. Y el día 17 de julio vamos a convocar absolutamente a todos para poder trabajar en este proyecto y en este modelo que pretende cambiar la provincia"" sentenció.",https://elecodesunchales.com.ar/contenido/134392/pullaro-se-necesita-un-gobernador-con-coraje-para-liderar-el-cambio-de-modelo-po
16,2023-06-27,El Eco de Sunchales,"Pullaro: ""Se necesita un gobernador con coraje para liderar el cambio de modelo político en Santa Fe""",Perotti,"El precandidato a gobernador por la lista ""Santa Fe Puede"" estuvo en Sunchales flanqueado por el precandidato a senador provincial por el Departamento Castellanos, Gonzalo Aira. Afirmó que ""hay que salir de un modelo populista para pasar a un modelo productivo; y acompañar al sector privado con políticas y obras públicas fundamentales para que pueda desplegar todo su potencial"". Y sentenció: ""No van a escuchar de mi parte, alguna crítica a los precandidatos de ""Unidos para Cambiar Santa Fe"". Yo tengo muy claro quién es el adversario. Y el 17 de julio, tenemos que estar todos juntos para trabajar en este proyecto que pretende cambiar la provincia"".

""Nosotros estamos convencidos que a la Argentina le hace falta un cambio de modelo. Salir de un modelo populista para pasar a un modelo productivo en donde el Estado Nacional deje de llevarse los recursos que generamos en el interior para volcarlos en el conurbano bonaerense"" afirmó en el inicio de su alocución, el precandidato a gobernador de laListas ""Santa Fe Puede"", Maximiliano Pullaro en la mañana del viernes 23 de junio, flanqueado por el precandidato a senador provincial por el Departamento Castellanos, Gonzalo Aira; y la referente de Evolución Sunchales, Marilina Grande que ofició de anfitriona ante la prensa y público en general.

""Santa Fe necesita un Gobernador y un Gobierno con mucho carácter. La provincia tiene mucha potencialidad para desarrollarse y salir adelante, los problemas que tenemos en estos momentos los podemos resolver"" explicó el actual diputado provincial de la corriente radical Evolución. ""Estuve recorriendo todo el espinel productivo de Santa Fe que contempla a productores de trigo, maíz, soja, algodón, arroz, caña de azúcar, frutilla; a industriales importantes de todas las áreas; y asociaciones de comercio. Allí es donde uno ve un potencial increíble, pero para que se pueda desplegar debe haber un Gobierno que acompañe, con políticas y obras públicas fundamentales, el crecimiento y desarrollo del sector privado"".

""Para esto se necesita un Gobernador con carácter, que trabaje y lidere el cambio que tiene que darse en la República Argentina. Tenemos que ir a un sistema productivo que apueste al desarrollo del interior, particularmente en la Región Centro, donde hay provincias con una potencialidad enorme en el campo, la industria y comercio"" expresó Maximiliano Pullaro, calificando a Perotti como un gobernador que no tiene carácter: ""Vinieron por la industria cárnica, cerraron las exportaciones y el gobernador se quedó callado en vez de defender a la industria santafesina. O cuando aumentaron las retenciones a la harina o al aceite de soja donde Santa Fe es el máximo productor, Perotti volvió a quedarse callado. Lo mismo pasó con el corte de biodiesel o la hidrovía. Ni hablar del acuerdo que hizo con el Estado Nacional por la deuda que tenía con Santa Fe. Por eso vuelvo a poner énfasis en la importancia del liderazgo que debe tener el gobernador de Santa Fe"".

""Nos preocupa la seguridad en la provincia donde nos han llevado a los peores índices delictivos y de violencia de la historia santafesina. Nos preocupa también el sistema educativo en su conjunto, donde en vez de invertir y mejorar la calidad educativa sacaron una norma de la no repitencia donde todos los chicos pasan de grado, estudien o no estudien. Nos preocupa la falta de inversión en el sistema de salud pública de la provincia cuando hace 4 años atrás todos nos planteábamos que era el sistema más robusto que había en la Argentina. Y hoy no hay guardias médicas, guardias pediátricas o de especialidades. Y si hilamos más fino, a los Samcos los mantiene la Cooperadora o los propios gobiernos locales"" manifestó el aspirante al sillón del Brigadier General Estanislao López .

La interna en el frente ""Unidos para Cambiar Santa Fe""

Maximiliano Pullaro se refirió a las críticas que recibe en el interior de la coalición: ""De un lado me dispara el Gobierno, pero por otro lado me dispara Carolina Losada y también Mónica Fein. Sobre Carolina Losada, solo decir que me sorprende porque hace seis meses atrás planteaba que había sido el mejor ministro de seguridad y ahora presenta esta contradicción que duele porque no todo vale en política ni en la vida.Y con respecto a Mónica Fein, no es que no quiero debatir, pero no deseo hacerlo solo con mis adversarios internos, hagámoslo con el kirchnerismo. Yo quiero que la sociedad santafesina vea las diferencias que tengo con el mal Gobierno de Omar Perotti, con políticas públicas que no se llevaron adelante y que hicieron que se empeoren todos los indicadores en la provincia de Santa Fe, sanitarios, educativos, en materia de seguridad y en materia de ejecución de obra pública. Nosotros no vamos a ser funcionales al kirchnerismo bajo ningún concepto. Desde mi lugar no se va a escuchar ninguna crítica a ningún miembro de Unidos para Cambiar Santa Fe. Yo tengo muy claro quién es el adversario. Y el día 17 de julio vamos a convocar absolutamente a todos para poder trabajar en este proyecto y en este modelo que pretende cambiar la provincia"" sentenció.",https://elecodesunchales.com.ar/contenido/134392/pullaro-se-necesita-un-gobernador-con-coraje-para-liderar-el-cambio-de-modelo-po
17,2023-06-27,El Eco de Sunchales,"Pullaro: ""Se necesita un gobernador con coraje para liderar el cambio de modelo político en Santa Fe""",Losada,"El precandidato a gobernador por la lista ""Santa Fe Puede"" estuvo en Sunchales flanqueado por el precandidato a senador provincial por el Departamento Castellanos, Gonzalo Aira. Afirmó que ""hay que salir de un modelo populista para pasar a un modelo productivo; y acompañar al sector privado con políticas y obras públicas fundamentales para que pueda desplegar todo su potencial"". Y sentenció: ""No van a escuchar de mi parte, alguna crítica a los precandidatos de ""Unidos para Cambiar Santa Fe"". Yo tengo muy claro quién es el adversario. Y el 17 de julio, tenemos que estar todos juntos para trabajar en este proyecto que pretende cambiar la provincia"".

""Nosotros estamos convencidos que a la Argentina le hace falta un cambio de modelo. Salir de un modelo populista para pasar a un modelo productivo en donde el Estado Nacional deje de llevarse los recursos que generamos en el interior para volcarlos en el conurbano bonaerense"" afirmó en el inicio de su alocución, el precandidato a gobernador de laListas ""Santa Fe Puede"", Maximiliano Pullaro en la mañana del viernes 23 de junio, flanqueado por el precandidato a senador provincial por el Departamento Castellanos, Gonzalo Aira; y la referente de Evolución Sunchales, Marilina Grande que ofició de anfitriona ante la prensa y público en general.

""Santa Fe necesita un Gobernador y un Gobierno con mucho carácter. La provincia tiene mucha potencialidad para desarrollarse y salir adelante, los problemas que tenemos en estos momentos los podemos resolver"" explicó el actual diputado provincial de la corriente radical Evolución. ""Estuve recorriendo todo el espinel productivo de Santa Fe que contempla a productores de trigo, maíz, soja, algodón, arroz, caña de azúcar, frutilla; a industriales importantes de todas las áreas; y asociaciones de comercio. Allí es donde uno ve un potencial increíble, pero para que se pueda desplegar debe haber un Gobierno que acompañe, con políticas y obras públicas fundamentales, el crecimiento y desarrollo del sector privado"".

""Para esto se necesita un Gobernador con carácter, que trabaje y lidere el cambio que tiene que darse en la República Argentina. Tenemos que ir a un sistema productivo que apueste al desarrollo del interior, particularmente en la Región Centro, donde hay provincias con una potencialidad enorme en el campo, la industria y comercio"" expresó Maximiliano Pullaro, calificando a Perotti como un gobernador que no tiene carácter: ""Vinieron por la industria cárnica, cerraron las exportaciones y el gobernador se quedó callado en vez de defender a la industria santafesina. O cuando aumentaron las retenciones a la harina o al aceite de soja donde Santa Fe es el máximo productor, Perotti volvió a quedarse callado. Lo mismo pasó con el corte de biodiesel o la hidrovía. Ni hablar del acuerdo que hizo con el Estado Nacional por la deuda que tenía con Santa Fe. Por eso vuelvo a poner énfasis en la importancia del liderazgo que debe tener el gobernador de Santa Fe"".

""Nos preocupa la seguridad en la provincia donde nos han llevado a los peores índices delictivos y de violencia de la historia santafesina. Nos preocupa también el sistema educativo en su conjunto, donde en vez de invertir y mejorar la calidad educativa sacaron una norma de la no repitencia donde todos los chicos pasan de grado, estudien o no estudien. Nos preocupa la falta de inversión en el sistema de salud pública de la provincia cuando hace 4 años atrás todos nos planteábamos que era el sistema más robusto que había en la Argentina. Y hoy no hay guardias médicas, guardias pediátricas o de especialidades. Y si hilamos más fino, a los Samcos los mantiene la Cooperadora o los propios gobiernos locales"" manifestó el aspirante al sillón del Brigadier General Estanislao López .

La interna en el frente ""Unidos para Cambiar Santa Fe""

Maximiliano Pullaro se refirió a las críticas que recibe en el interior de la coalición: ""De un lado me dispara el Gobierno, pero por otro lado me dispara Carolina Losada y también Mónica Fein. Sobre Carolina Losada, solo decir que me sorprende porque hace seis meses atrás planteaba que había sido el mejor ministro de seguridad y ahora presenta esta contradicción que duele porque no todo vale en política ni en la vida.Y con respecto a Mónica Fein, no es que no quiero debatir, pero no deseo hacerlo solo con mis adversarios internos, hagámoslo con el kirchnerismo. Yo quiero que la sociedad santafesina vea las diferencias que tengo con el mal Gobierno de Omar Perotti, con políticas públicas que no se llevaron adelante y que hicieron que se empeoren todos los indicadores en la provincia de Santa Fe, sanitarios, educativos, en materia de seguridad y en materia de ejecución de obra pública. Nosotros no vamos a ser funcionales al kirchnerismo bajo ningún concepto. Desde mi lugar no se va a escuchar ninguna crítica a ningún miembro de Unidos para Cambiar Santa Fe. Yo tengo muy claro quién es el adversario. Y el día 17 de julio vamos a convocar absolutamente a todos para poder trabajar en este proyecto y en este modelo que pretende cambiar la provincia"" sentenció.",https://elecodesunchales.com.ar/contenido/134392/pullaro-se-necesita-un-gobernador-con-coraje-para-liderar-el-cambio-de-modelo-po
18,2023-06-27,El Eco de Sunchales,"Este miércoles 28, Perotti presentará la ampliación y remodelación de la nueva Comisaría Nº 3 de Sunchales",Perotti,"El gobernador santafesino arribará a las 11:30 a la intersección de las calles Rafaela y Esperanza, en Barrio Colón, para habilitar la construcción que se transformará en la nueva dependencia policial de nuestra ciudad. También firmará un acta compromiso para ubicar al Comando Radioeléctrico en dicho edificio y rubricará un convenio de 4 millones de pesos con el Municipio destinado a videovigilancia.

La nueva Comisaría Nº 3 fue construida en dos etapas. En la primera, se erigió un módulo administrativo y de atención al público, y otro de detención transitoria. Ambos se articulan entre sí mediante áreas comunes, pasillo de acceso y patio posterior, y a su vez, pueden funcionar independientemente para garantizar la seguridad en ambos espacios.

La arquitectura responde a la imagen institucional plasmada por el gobierno en los nuevos edificios de comisarías teniendo en cuenta, a la vez, todos los criterios de seguridad que corresponden a un edificio de estas características.

En la segunda etapa se hizo una importante ampliación edilicia, que una vez finalizada contendrá dos nuevas oficinas, un área de archivo y un segundo calabozo, extendiendo en unos 40 metros cuadrados la superficie cubierta ocupada.

Finalizado el acto, el gobernador Perotti se dirigirá a Coronel Fraga, donde recorrerá la obra de repavimentación de la RP Nº 70 y las mejoras que se están realizando en el acceso a la localidad. La obra tiene un avance de casi el 30% y la inversión total que se realiza es de 4.316.008.151 pesos.",https://elecodesunchales.com.ar/contenido/134403/este-miercoles-28-perotti-presentara-la-ampliacion-y-remodelacion-de-la-nueva-co
19,2023-06-26,El Eco de Sunchales,Fein: “Declararon tarde la emergencia pediátrica y ahora está en riesgo la salud de los niños”,Perotti,"Frente a las escasas campañas de vacunación, expansión de camas críticas infantiles y la precaria situación laboral de los profesionales de la salud de toda la provincia, la precandidata a gobernadora insistió en la falta de previsibilidad del gobernador. “Tanto en salud, como en seguridad y educación, nunca hubo un plan”, aseguró

La precandidata a gobernadora por el socialismo, Mónica Fein, se manifestó duramente hacia el gobierno provincial por el abandono de políticas públicas de salud, la ausencia de un enfoque proactivo para afrontar las enfermedades invernales y la crítica situación pediátrica que atraviesa la provincia. “La clave del éxito en salud es anticiparse y para eso hay herramientas que miden el riesgo y permiten tomar las mejores decisiones. Esta administración va siempre detrás del hecho consumado. No vacunaron, no previeron las camas críticas, no atendieron los reclamos de los pediatras, no reforzaron enfermería, ni el primer nivel de atención, no sumaron kinesiología y abandonaron todas las políticas públicas para proteger a los bebés prematuros”, aseveró.

Fein señaló que “la característica del gobierno de Perotti es la falta de gestión en todos los ámbitos”. Aseguró también que “ falta liderazgo y decisión política. No hay un plan rector, no resuelven problemas estructurales, ni de cargos, ni de insumos. En ese contexto de desidia y falta de autoridad, la situación que se presenta de cara al invierno con falta de profesionales, camas y una casi nula coordinación entre los tres niveles de atención, la situación que se presenta de cara al invierno es muy preocupante”. En el mismo sentido, la actual diputada nacional manifestó que “este gobierno no está haciendo un seguimiento epidemiológico y la consecuencias van a ser graves. Ponen en riesgo la vida de niños, sobre todo de los más chiquitos”.

En cuanto a las obras de infraestructura necesarias destacó que “una de las obras que tenían la obligación de terminar era la terapia intensiva pediátrica del Hospital de Venado Tuerto, eso hubiera descomprimido la situación y la ampliación de plazas que son tan necesarias. Además, cerraron la internación pediátrica del Centenario, no tienen especialistas en Reconquista, y no reforzaron el primer nivel de atención en toda la provincia”.

En relación al personal de salud, Fein contó sobre las reuniones que viene manteniendo con ellos a lo largo de estos meses e hizo hincapié en que “nos manifiestan hartazgo y falta de motivación, reclaman liderazgo, conducción política y respuestas por parte del Ministerio, situación que ya vimos, se repite en Seguridad y Educación”.

Por último, se refirió a la poca difusión de las campañas de vacunación antigripal. “La falta de conocimiento sobre la necesidad de vacunarse es uno de los principales motivos por los cuales las personas no se están vacunando. Es necesario especialmente en el caso de los niños “identificar aquellos que requieren atención especial, quienes no se han vacunado pueden enfrentar un mayor riesgo de enfermedades como la meningitis, ya que muchas bacterias aprovechan las infecciones respiratorias como puerta de entrada"", concluyó.",https://elecodesunchales.com.ar/contenido/134390/fein-declararon-tarde-la-emergencia-pediatrica-y-ahora-esta-en-riesgo-la-salud-d
20,2023-05-24,Edicion Uno,“Nuestro plan de obra pública generará alrededor de 300 puestos de trabajo” -,Pullaro,"El concejal y precandidato a intendente, Rodrigo Müller, brindó detalles sobre lo que tiene planeado en materia de obra pública si es elegido como el próximo intendente de la ciudad.

“La obra pública será una de nuestras prioridades de gestión, queremos llegar con obras a todos los barrios de la ciudad porque todos son igual de importantes”, mencionó Müller.

En primer lugar, el referente radical indicó: “Nos comprometemos a ejecutar el Plan de Pavimento que ya está aprobado en el Concejo Municipal y también queremos llevar adelante un plan de conversión de calles de cordón cuneta a pavimento. Este último es una iniciativa que presentamos en el Concejo y está a la espera de su aprobación”.

“Por otro lado, realizaremos nuestro plan de viviendas y lotes para que 200 familias esperancinas puedan tener su casa propia. Tener un plan de vivienda municipal será un hito para la ciudad y el puntapié inicial para solucionar uno de los grandes déficit que tiene Esperanza”, agregó Müller.

Además el precandidato a intendente mencionó su intención de ampliar la red cloacal de la ciudad: “Hemos hecho gestiones y seguiremos haciéndolas para lograr el financiamiento que nos permita construir una nueva planta de tratamiento de efluentes cloacales, pensada para una ciudad de 100 mil habitantes y, luego, realizar las obras en los barrios que aún no tienen el servicio”.

“Todas estas obras generarán alrededor de 300 puestos de trabajo en el sector privado, además de movilizar otros rubros como corralones, fábricas de aberturas, fábricas de muebles, entre otros sectores que serán beneficiados por la obra pública”, aseguró el edil.

“Hace muchos años que trabajamos para mejorar la ciudad, los vecinos nos conocen, saben que no somos improvisados y todo lo que prometemos lo podemos cumplir. Estoy preparado, tengo un gran grupo de trabajo que me acompaña y con Maxi Pullaro gobernador, José Corral diputado, Marcelo Dellaporta senador, Rosario Galleano en el Concejo y el apoyo de los esperancinos vamos a cambiar Esperanza”, concluyó Muller.",https://edicionuno.com.ar/nuestro-plan-de-obra-publica-generara-alrededor-de-300-puestos-de-trabajo/
